,alignment_id,pdb_id,pdb_chain,uniprot_ac,uniprot_id,alignment_start,alignment_end,bitscore,e_value,resseq_start,resseq_end,coord_start,coord_end,uniprot_start,uniprot_end,uniprot_id_,overlap,mapping_index,grouped_segments
9,evtr|F8W3J5|F8W3J5_DANRE/17-630,6bxa,B,F8W3J5,F8W3J5_DANRE,17,630,460.3,4.2e-137,7,373,24,390,30,396,F8W3J5_DANRE,367,9,False
10,evtr|F8W3J5|F8W3J5_DANRE/17-630,6bxc,A,F8W3J5,F8W3J5_DANRE,17,630,460.3,4.2e-137,7,373,24,390,30,396,F8W3J5_DANRE,367,10,False
11,evtr|F8W3J5|F8W3J5_DANRE/17-630,6bxc,B,F8W3J5,F8W3J5_DANRE,17,630,460.3,4.2e-137,7,373,24,390,30,396,F8W3J5_DANRE,367,11,False
8,evtr|F8W3J5|F8W3J5_DANRE/17-630,6bxa,A,F8W3J5,F8W3J5_DANRE,17,630,460.3,4.2e-137,7,373,24,390,30,396,F8W3J5_DANRE,367,8,False
7,evtr|B3DIN1|B3DIN1_DANRE/11-624,5gy2,B,B3DIN1,B3DIN1_DANRE,11,624,449.8,6.5e-134,7,373,24,390,24,390,B3DIN1_DANRE,367,7,False
3,evtr|B3DIN1|B3DIN1_DANRE/11-624,3v44,A,B3DIN1,B3DIN1_DANRE,11,624,449.8,6.5e-134,7,325,24,342,24,342,B3DIN1_DANRE,319,3,False
6,evtr|B3DIN1|B3DIN1_DANRE/11-624,5gy2,A,B3DIN1,B3DIN1_DANRE,11,624,449.8,6.5e-134,6,373,23,390,23,390,B3DIN1_DANRE,368,6,False
5,evtr|B3DIN1|B3DIN1_DANRE/11-624,3v47,B,B3DIN1,B3DIN1_DANRE,11,624,449.8,6.5e-134,7,373,24,390,24,390,B3DIN1_DANRE,367,5,False
4,evtr|B3DIN1|B3DIN1_DANRE/11-624,3v47,A,B3DIN1,B3DIN1_DANRE,11,624,449.8,6.5e-134,7,373,24,390,24,390,B3DIN1_DANRE,367,4,False
1,evsp|O60602|TLR5_HUMAN/18-613,3j0a,B,O60602,TLR5_HUMAN,18,613,350.8,6.300000000000001e-104,1,642,23,664,23,664,TLR5_HUMAN,591,1,True
0,evsp|O60602|TLR5_HUMAN/18-613,3j0a,A,O60602,TLR5_HUMAN,18,613,350.8,6.300000000000001e-104,1,823,23,845,23,845,TLR5_HUMAN,591,0,True
